Type,Name,Request Count,Failure Count,Median Response Time,Average Response Time,Min Response Time,Max Response Time,Average Content Size,Requests/s,Failures/s,50%,66%,75%,80%,90%,95%,98%,99%,99.9%,99.99%,100%
GET,[aba] navegar,359,0,61,61.46640584785958,46.27640009857714,105.97879998385906,1522.0,0.8530359589554249,0.0,61,64,66,68,72,75,81,84,110,110,110
GET,[health] /health,107,0,65,65.69142990188551,49.35230000410229,84.64679995086044,2.0,0.25424748637390104,0.0,65,68,69,71,73,77,79,84,85,85,85
GET,[p·gina] carregar dashboard,575,0,65,66.17201513043888,46.6526000527665,100.53019993938506,1522.0,1.3662832211681597,0.0,65,68,71,72,78,81,86,88,100,100,100
GET,[static] asset,678,0,57,57.733851916103134,44.98839995358139,105.1551999989897,513.3333333333334,1.6110261286121954,0.0,57,60,62,63,67,71,76,78,110,110,110
GET,[stream] iniciar sess„o,84,0,15,15.16200713757869,7.29819992557168,34.74220004864037,852.0,0.19959615752717463,0.0,15,17,18,18,21,25,30,35,35,35,35
WS,[ws] handshake,25,0,0,0.36,0,2,0.0,0.05940361831165912,0.0,0,0,1,1,1,1,2,2,2,2,2
,Aggregated,1828,0,61,58.84600196803076,0,105.97879998385906,1007.3140043763676,4.343592570948515,0.0,61,64,66,68,72,77,83,86,110,110,110
