Type,Name,Request Count,Failure Count,Median Response Time,Average Response Time,Min Response Time,Max Response Time,Average Content Size,Requests/s,Failures/s,50%,66%,75%,80%,90%,95%,98%,99%,99.9%,99.99%,100%
GET,[aba] navegar,376,0,64,65.90230053192248,47.47589999988122,198.72560000021622,1522.0,0.8924493748414154,0.0,64,68,72,72,76,84,140,150,200,200,200
GET,[health] /health,133,0,65,66.73518796991,47.19269999986864,131.43330000002607,2.0,0.3156802309944368,0.0,65,70,72,72,75,80,85,95,130,130,130
GET,[p·gina] carregar dashboard,541,0,67,70.66981903882164,48.89929999990272,245.692500000132,1522.0,1.284082744120228,0.0,67,72,73,75,80,88,150,180,250,250,250
GET,[static] asset,651,0,58,62.47737112136428,45.12650000015128,226.01609999992434,513.3333333333334,1.5451716569727696,0.0,58,62,64,65,72,79,130,200,230,230,230
GET,[stream] iniciar sess„o,87,0,16,17.54398045976155,8.149500000399712,141.25479999984236,852.0,0.20649759471064663,0.0,16,18,19,19,22,27,41,140,140,140,140
WS,[ws] handshake,25,0,0,0.32,0,7,0.0,0.05933838928466857,0.0,0,0,0,0,0,1,7,7,7,7,7
,Aggregated,1813,0,62,62.93133590734184,0,245.692500000132,995.1704357418644,4.303219990924165,0.0,62,66,70,72,76,84,140,180,230,250,250
