Type,Name,Request Count,Failure Count,Median Response Time,Average Response Time,Min Response Time,Max Response Time,Average Content Size,Requests/s,Failures/s,50%,66%,75%,80%,90%,95%,98%,99%,99.9%,99.99%,100%
GET,[aba] Navegar,105,0,65,64.25011333388586,47.86169994622469,82.18959998339415,1522.0,0.8844130038821967,0.0,65,65,66,69,75,78,81,81,82,82,82
GET,[health] /health,38,38,63,60.365471063720946,46.87650001142174,79.39620001707226,9.0,0.32007327759546167,0.32007327759546167,64,64,65,65,68,68,79,79,79,79,79
GET,[p·gina] carregar dashboard,114,0,65,64.79649649720574,47.683400101959705,86.1741000553593,1522.0,0.960219832786385,0.0,65,65,66,68,77,79,81,83,86,86,86
GET,[static] asset,180,0,61,59.73532888391573,45.25279998779297,110.91220006346703,9.0,1.5161365780837657,0.0,61,63,64,64,65,66,77,82,110,110,110
GET,[stream] iniciar sess„o,37,0,15,13.873764870663148,4.788100020959973,25.326000060886145,852.0,0.3116502966061074,0.0,15,17,18,18,22,24,25,25,25,25,25
WS,[ws] handshake Streamlit,20,0,0,0.25,0,1,0.0,0.1684596197870851,0.0,0,0,1,1,1,1,1,1,1,1,1
,Aggregated,494,38,63,56.068094940243384,0,110.91220006346703,742.5182186234817,4.160952608741002,0.32007327759546167,63,64,65,65,69,77,80,82,110,110,110
