Type,Name,Request Count,Failure Count,Median Response Time,Average Response Time,Min Response Time,Max Response Time,Average Content Size,Requests/s,Failures/s,50%,66%,75%,80%,90%,95%,98%,99%,99.9%,99.99%,100%
GET,[aba] navegar,384,0,64,65.39719583330239,46.91670000011072,238.18539999956556,1522.0,0.9129537824033359,0.0,64,65,67,71,73,81,170,230,240,240,240
GET,[health] /health,148,0,65,66.81639054054173,49.78019999998651,145.38709999987987,2.0,0.35186760363461905,0.0,65,68,71,71,72,76,92,140,150,150,150
GET,[p·gina] carregar dashboard,560,0,65,68.21411839286253,47.75199999994584,225.0847000000249,1522.0,1.3313909326715316,0.0,65,69,72,72,79,87,120,160,230,230,230
GET,[static] asset,558,0,57,60.99646577061038,45.36750000033862,215.6345000003057,513.3333333333334,1.3266359650548476,0.0,57,62,63,63,68,75,110,190,220,220,220
GET,[stream] iniciar sess„o,61,0,15,15.709752458994936,7.377300000371179,54.75720000004003,852.0,0.14502651230886326,0.0,15,17,18,18,21,24,30,55,55,55,55
WS,[ws] handshake,25,0,0,0.52,0,5,0.0,0.05943709520855051,0.0,0,0,0,1,2,4,5,5,5,5,5
,Aggregated,1736,0,63,62.332130241930045,0,238.18539999956556,1022.7396313364055,4.127311891281748,0.0,63,65,67,70,73,82,110,180,240,240,240
